tsla,spy
tsla,aapl
tsla,fb
tsla,amzn
tsla,msft
tsla,gme
tsla,spy
tsla,aapl
tsla,amzn
tsla,aapl
tsla,fb
tsla,nflx
tsla,aapl
tsla,amzn
tsla,nvda
tsla,msft
tsla,spy
tsla,coin
tsla,amzn
tsla,nflx
tsla,aapl
tsla,msft
tsla,amzn
tsla,aapl
tsla,shop
tsla,nvda
tsla,coin
tsla,amzn
tsla,spy
tsla,amc
tsla,gme
tsla,spy
tsla,nvda
tsla,aapl
tsla,msft
tsla,spy
tsla,nvda
tsla,aapl
tsla,msft
tsla,amc
tsla,gme
tsla,amc
tsla,gme
tsla,amc
tsla,spy
tsla,amzn
tsla,nvda
tsla,amc
tsla,amc
tsla,gme
tsla,gme
tsla,aapl
tsla,aapl
tsla,amzn
tsla,aapl
tsla,amc
tsla,amc
tsla,gme
tsla,gme
tsla,aapl
tsla,aapl
tsla,amzn
tsla,aapl
tsla,amc
tsla,amc
tsla,gme
tsla,gme
tsla,aapl
tsla,aapl
tsla,amzn
tsla,aapl
tsla,amc
tsla,amc
tsla,gme
tsla,gme
tsla,aapl
tsla,aapl
tsla,amzn
tsla,aapl
tsla,amc
tsla,amc
tsla,gme
tsla,gme
tsla,aapl
tsla,aapl
tsla,amzn
tsla,aapl
tsla,amc
tsla,amc
tsla,gme
tsla,gme
tsla,aapl
tsla,aapl
tsla,amzn
tsla,aapl
tsla,amc
tsla,amc
tsla,gme
tsla,gme
tsla,aapl
tsla,aapl
tsla,amzn
tsla,aapl
tsla,amc
tsla,amc
tsla,gme
tsla,gme
tsla,aapl
tsla,aapl
tsla,amzn
tsla,aapl
tsla,amc
tsla,amc
tsla,gme
tsla,gme
tsla,aapl
tsla,aapl
tsla,amzn
tsla,aapl
tsla,amc
tsla,amc
tsla,gme
tsla,gme
tsla,aapl
tsla,aapl
tsla,amzn
tsla,aapl
tsla,amc
tsla,amc
tsla,gme
tsla,gme
tsla,aapl
tsla,aapl
tsla,amzn
tsla,aapl
tsla,amzn
tsla,amzn
tsla,msft
tsla,amzn
tsla,spy
tsla,amc
tsla,gme
tsla,amc
tsla,gme
tsla,gain
tsla,spy
tsla,msft
tsla,nvda
tsla,amzn
tsla,amzn
tsla,spy
tsla,nvda
tsla,fb
tsla,amzn
tsla,nvda
tsla,amzn
tsla,amzn
tsla,spy
tsla,aapl
tsla,gme
tsla,aapl
tsla,aapl
tsla,fb
tsla,dis
tsla,nvda
tsla,amzn
tsla,nvda
tsla,amzn
tsla,nvda
tsla,amzn
aapl,spy
aapl,amzn
aapl,nflx
aapl,goog
aapl,spy
aapl,fb
aapl,tsla
aapl,amzn
aapl,msft
aapl,amc
aapl,gme
aapl,amc
aapl,fb
aapl,amzn
aapl,msft
aapl,amzn
aapl,goog
aapl,spy
aapl,msft
aapl,dis
aapl,tsla
aapl,spy
aapl,amzn
aapl,fb
aapl,nflx
aapl,tsla
aapl,amzn
aapl,tsla
aapl,nvda
aapl,msft
aapl,spy
aapl,tsla
aapl,goog
aapl,msft
aapl,amzn
aapl,spy
aapl,msft
aapl,spy
aapl,spy
aapl,msft
aapl,amzn
aapl,tsla
aapl,spy
aapl,fb
aapl,spy
aapl,tsla
aapl,nvda
aapl,msft
aapl,spy
aapl,tsla
aapl,nvda
aapl,msft
aapl,fb
aapl,amzn
aapl,nflx
aapl,goog
aapl,msft
aapl,fb
aapl,amzn
aapl,nflx
aapl,goog
aapl,msft
aapl,spy
aapl,amc
aapl,amc
aapl,gme
aapl,gme
aapl,amzn
aapl,tsla
aapl,tsla
aapl,amc
aapl,amc
aapl,gme
aapl,gme
aapl,amzn
aapl,tsla
aapl,tsla
aapl,amc
aapl,amc
aapl,gme
aapl,gme
aapl,amzn
aapl,tsla
aapl,tsla
aapl,amc
aapl,amc
aapl,gme
aapl,gme
aapl,amzn
aapl,tsla
aapl,tsla
aapl,amc
aapl,amc
aapl,gme
aapl,gme
aapl,amzn
aapl,tsla
aapl,tsla
aapl,amc
aapl,amc
aapl,gme
aapl,gme
aapl,amzn
aapl,tsla
aapl,tsla
aapl,amc
aapl,amc
aapl,gme
aapl,gme
aapl,amzn
aapl,tsla
aapl,tsla
aapl,amc
aapl,amc
aapl,gme
aapl,gme
aapl,amzn
aapl,tsla
aapl,tsla
aapl,amc
aapl,amc
aapl,gme
aapl,gme
aapl,amzn
aapl,tsla
aapl,tsla
aapl,amc
aapl,amc
aapl,gme
aapl,gme
aapl,amzn
aapl,tsla
aapl,tsla
aapl,amc
aapl,amc
aapl,gme
aapl,gme
aapl,amzn
aapl,tsla
aapl,tsla
aapl,gain
aapl,nvda
aapl,spy
aapl,spy
aapl,tsla
aapl,amzn
aapl,spy
aapl,msft
aapl,msft
aapl,msft
aapl,msft
aapl,msft
aapl,msft
aapl,msft
aapl,msft
aapl,msft
aapl,msft
aapl,tsla
aapl,tsla
aapl,spy
aapl,amzn
aapl,tsla
aapl,nvda
aapl,tsla
aapl,amzn
aapl,msft
aapl,amzn
aapl,spy
aapl,spy
aapl,tsla
aapl,msft
aapl,spy
aapl,spy
aapl,spy
aapl,spy
aapl,spy
aapl,spy
aapl,nvda
aapl,amzn
aapl,fb
aapl,tsla
aapl,spy
aapl,spy
aapl,tsla
aapl,tsla
aapl,spy
aapl,spy
aapl,tsla
aapl,amzn
aapl,spy
aapl,spy
aapl,spy
aapl,spy
aapl,amzn
aapl,amzn
aapl,fb
aapl,fb
aapl,msft
aapl,msft
aapl,spy
aapl,spy
aapl,tsla
aapl,nvda
aapl,tsla
aapl,amzn
aapl,spy
aapl,nvda
aapl,tsla
aapl,amzn
aapl,spy
aapl,nvda
aapl,tsla
aapl,amzn
aapl,spy
aapl,spy
aapl,tsla
aapl,amzn
aapl,tsla
aapl,spy
aapl,nvda
aapl,fb
aapl,tsla
aapl,spy
aapl,amzn
aapl,fb
aapl,nflx
aapl,tsla
aapl,spy
aapl,spy
aapl,spy
aapl,spy
aapl,spy
aapl,tsla
aapl,nvda
aapl,nvda
aapl,spy
aapl,tsla
aapl,zm
aapl,spy
aapl,nvda
aapl,tsla
aapl,spy
aapl,amzn
aapl,msft
aapl,tsla
aapl,spy
aapl,amc
aapl,tsla
aapl,tsla
aapl,nvda
aapl,nvda
aapl,tsla
aapl,spy
aapl,spy
aapl,msft
aapl,tsla
aapl,bynd
aapl,zm
aapl,msft
aapl,amzn
aapl,goog
aapl,nvda
aapl,tsla
aapl,spy
aapl,spy
aapl,amzn
aapl,tsla
aapl,spy
aapl,fb
aapl,spy
aapl,spy
aapl,msft
aapl,tsla
aapl,nvda
aapl,nflx
aapl,dis
aapl,spy
aapl,tsla
aapl,amzn
aapl,nflx
aapl,spy
aapl,tsla
aapl,nvda
aapl,gain
aapl,tsla
aapl,goog
aapl,spy
aapl,spy
aapl,spy
aapl,spy
aapl,amzn
aapl,spy
aapl,amzn
aapl,tsla
aapl,nvda
aapl,msft
aapl,msft
aapl,amzn
aapl,tsla
aapl,bynd
aapl,zm
aapl,nflx
aapl,amzn
aapl,spy
aapl,spy
aapl,msft
aapl,msft
aapl,amzn
aapl,amzn
aapl,fb
aapl,fb
aapl,spy
aapl,tsla
aapl,spy
aapl,nvda
aapl,spy
aapl,spy
aapl,msft
aapl,msft
aapl,amzn
aapl,amzn
aapl,fb
aapl,fb
aapl,spy
aapl,tsla
aapl,amzn
aapl,spy
aapl,spy
aapl,msft
aapl,msft
aapl,amzn
aapl,amzn
aapl,fb
aapl,fb
aapl,msft
aapl,spy
aapl,spy
aapl,msft
aapl,msft
aapl,amzn
aapl,amzn
aapl,fb
aapl,fb
nflx,amzn
nflx,aapl
nflx,goog
nflx,amc
nflx,amc
nflx,amc
nflx,amc
nflx,amc
nflx,amc
nflx,amc
nflx,amzn
nflx,aapl
nflx,fb
nflx,tsla
nflx,msft
nflx,amzn
nflx,tsla
nflx,amc
nflx,amc
nflx,fb
nflx,aapl
nflx,amzn
nflx,goog
nflx,msft
nflx,fb
nflx,aapl
nflx,amzn
nflx,goog
nflx,msft
nflx,gain
nflx,tsla
nflx,spy
nflx,coin
nflx,spy
nflx,aapl
nflx,spy
nflx,amzn
nflx,amzn
nflx,aapl
nflx,fb
nflx,tsla
nflx,msft
nflx,tsla
nflx,fb
nflx,spy
nflx,amzn
nflx,tsla
nflx,dis
nflx,amzn
nflx,fb
nflx,amc
nflx,gme
nflx,tsla
nflx,amc
nflx,goog
nflx,msft
nflx,fb
nflx,nvda
nflx,aapl
nflx,amzn
nflx,msft
nflx,tsla
nflx,aapl
nflx,nvda
nflx,dis
nflx,tsla
nflx,spy
nflx,spy
nflx,amzn
nflx,amzn
nflx,fb
nflx,fb
nflx,tsla
nflx,tsla
nflx,amzn
nflx,fb
nflx,spy
nflx,aapl
nflx,amzn
nflx,nvda
nflx,amzn
nflx,aapl
nflx,spy
nflx,amc
nflx,amc
nflx,amc
nflx,amc
gme,amc
gme,amc
gme,amc
gme,amc
gme,amc
gme,amc
gme,amc
gme,amc
gme,amc
gme,amc
gme,amc
gme,amc
gme,amc
gme,amc
gme,amc
gme,amc
gme,amc
gme,amc
gme,amc
gme,amc
gme,amc
gme,amc
gme,amc
gme,amc
gme,amc
gme,amc
gme,amc
gme,amc
gme,amc
gme,amc
gme,amc
gme,amc
gme,amc
gme,shop
gme,amc
gme,amc
gme,aapl
gme,amc
gme,amc
gme,amc
gme,amc
gme,amc
gme,amc
gme,amc
gme,amc
gme,amc
gme,amc
gme,amc
gme,amc
gme,amc
gme,amc
gme,amc
gme,spy
gme,spy
gme,tsla
gme,amc
gme,amc
gme,amc
gme,amc
gme,amc
gme,amc
gme,amc
gme,amc
gme,amc
gme,amc
gme,amc
gme,amc
gme,amc
gme,amc
gme,amc
gme,amc
gme,spy
gme,amc
gme,amc
gme,amc
gme,amc
gme,amc
gme,nflx
gme,amc
gme,amc
gme,amc
gme,amc
gme,amc
gme,amc
gme,amc
gme,amc
gme,amc
gme,amc
gme,amc
gme,amc
gme,amc
gme,amc
gme,amc
gme,amc
gme,amc
gme,amc
gme,amc
gme,amc
gme,amc
gme,amc
gme,amc
gme,amc
gme,amc
gme,amc
gme,amc
gme,amc
gme,amc
gme,amc
gme,amc
gme,amc
gme,amc
gme,amc
gme,amc
gme,amc
gme,amc
gme,amc
gme,amc
gme,amc
gme,amc
gme,amc
gme,amc
gme,amc
gme,amc
gme,amc
gme,amc
gme,amc
gme,amc
gme,amc
gme,amc
gme,amc
gme,amc
gme,amc
gme,amc
gme,amc
gme,spy
gme,spy
gme,amc
gme,amc
gme,amc
gme,amc
gme,amc
gme,amc
gme,amc
gme,amc
gme,amc
gme,amc
gme,amc
gme,amc
gme,amc
gme,amc
gme,amc
gme,amc
gme,amc
gme,amc
gme,amc
gme,amc
gme,amc
gme,amc
gme,amc
gme,amc
gme,amc
gme,amc
gme,amc
gme,amc
gme,amc
gme,amc
gme,coin
gme,amc
gme,amc
gme,amc
gme,amc
gme,amc
gme,amc
gme,amc
gme,amc
gme,amc
gme,amc
gme,amc
gme,amc
gme,amc
gme,amc
gme,amc
gme,amc
gme,spy
gme,amc
gme,amc
gme,amc
gme,amc
gme,amc
gme,amc
gme,amc
amc,gme
amc,msft
amc,gme
amc,gme
amc,gme
amc,gme
amc,spy
amc,gme
amc,gme
amc,gme
amc,gme
amc,gme
amc,gme
amc,gme
amc,gme
amc,nflx
amc,gme
amc,gme
amc,gme
amc,gme
amc,gme
amc,gme
amc,gme
amc,gme
amc,gme
amc,gme
amc,gme
amc,gme
amc,gme
amc,gme
amc,gme
amc,gme
amc,gme
amc,gme
amc,gme
amc,gme
amc,gme
amc,gain
amc,gme
amc,gme
amc,aapl
amc,gme
amc,gme
amc,gme
amc,gme
amc,gme
amc,gme
amc,gme
amc,gme
amc,gme
amc,gme
amc,gme
amc,spy
amc,spy
amc,nflx
amc,gme
amc,gme
amc,gme
amc,gme
amc,gme
amc,gme
amc,gme
rblx,shop
rblx,tsla
amzn,aapl
amzn,nflx
amzn,goog
amzn,spy
amzn,aapl
amzn,fb
amzn,tsla
amzn,msft
amzn,fb
amzn,aapl
amzn,aapl
amzn,fb
amzn,nflx
amzn,tsla
amzn,aapl
amzn,tsla
amzn,nvda
amzn,msft
amzn,spy
amzn,tsla
amzn,goog
amzn,msft
amzn,aapl
amzn,nflx
amzn,tsla
amzn,aapl
amzn,msft
amzn,tsla
amzn,spy
amzn,tsla
amzn,nvda
amzn,fb
amzn,aapl
amzn,nflx
amzn,goog
amzn,msft
amzn,fb
amzn,aapl
amzn,nflx
amzn,goog
amzn,msft
amzn,amc
amzn,amc
amzn,gme
amzn,gme
amzn,aapl
amzn,aapl
amzn,aapl
amzn,tsla
amzn,tsla
amzn,amc
amzn,amc
amzn,gme
amzn,gme
amzn,aapl
amzn,aapl
amzn,aapl
amzn,tsla
amzn,tsla
amzn,amc
amzn,amc
amzn,gme
amzn,gme
amzn,aapl
amzn,aapl
amzn,aapl
amzn,tsla
amzn,tsla
amzn,amc
amzn,amc
amzn,gme
amzn,gme
amzn,aapl
amzn,aapl
amzn,aapl
amzn,tsla
amzn,tsla
amzn,amc
amzn,amc
amzn,gme
amzn,gme
amzn,aapl
amzn,aapl
amzn,aapl
amzn,tsla
amzn,tsla
amzn,amc
amzn,amc
amzn,gme
amzn,gme
amzn,aapl
amzn,aapl
amzn,aapl
amzn,tsla
amzn,tsla
amzn,amc
amzn,amc
amzn,gme
amzn,gme
amzn,aapl
amzn,aapl
amzn,aapl
amzn,tsla
amzn,tsla
amzn,amc
amzn,amc
amzn,gme
amzn,gme
amzn,aapl
amzn,aapl
amzn,aapl
amzn,tsla
amzn,tsla
amzn,amc
amzn,amc
amzn,gme
amzn,gme
amzn,aapl
amzn,aapl
amzn,aapl
amzn,tsla
amzn,tsla
amzn,amc
amzn,amc
amzn,gme
amzn,gme
amzn,aapl
amzn,aapl
amzn,aapl
amzn,tsla
amzn,tsla
amzn,amc
amzn,amc
amzn,gme
amzn,gme
amzn,aapl
amzn,aapl
amzn,aapl
amzn,tsla
amzn,tsla
amzn,tsla
amzn,tsla
amzn,tsla
amzn,spy
amzn,msft
amzn,nvda
amzn,tsla
amzn,spy
amzn,aapl
amzn,tsla
amzn,tsla
amzn,tsla
amzn,gain
amzn,tsla
amzn,fb
amzn,pton
amzn,goog
amzn,fb
amzn,tsla
amzn,spy
amzn,aapl
amzn,nvda
amzn,tsla
amzn,nvda
amzn,tsla
amzn,nvda
amzn,tsla
amzn,shop
amzn,aapl
amzn,tsla
amzn,nvda
amzn,aapl
amzn,msft
amzn,spy
amzn,aapl
amzn,nvda
amzn,fb
amzn,tsla
amzn,spy
amzn,spy
amzn,spy
amzn,aapl
amzn,tsla
amzn,tsla
amzn,tsla
amzn,goog
amzn,spy
amzn,spy
amzn,aapl
amzn,aapl
amzn,fb
amzn,fb
amzn,msft
amzn,msft
amzn,spy
amzn,tsla
amzn,coin
amzn,nvda
amzn,tsla
amzn,aapl
amzn,spy
amzn,nvda
amzn,tsla
amzn,aapl
amzn,spy
amzn,nvda
amzn,tsla
amzn,aapl
amzn,spy
amzn,nvda
amzn,tsla
amzn,tsla
amzn,tsla
amzn,spy
amzn,aapl
amzn,tsla
amzn,spy
amzn,nvda
amzn,nvda
amzn,tsla
amzn,amc
amzn,amc
amzn,shop
amzn,shop
amzn,tsla
amzn,tsla
amzn,fb
amzn,nflx
amzn,aapl
amzn,fb
amzn,nflx
amzn,tsla
amzn,tsla
amzn,spy
amzn,fb
amzn,goog
amzn,spy
amzn,tsla
amzn,nflx
amzn,tsla
amzn,spy
amzn,tsla
amzn,nvda
amzn,dis
amzn,nflx
amzn,fb
amzn,spy
amzn,shop
amzn,spy
amzn,shop
amzn,fb
amzn,nflx
amzn,tsla
amzn,nvda
amzn,msft
amzn,aapl
amzn,voo
amzn,fb
amzn,msft
amzn,tsla
amzn,tsla
amzn,tsla
amzn,tsla
amzn,shop
amzn,goog
amzn,goog
amzn,tsla
amzn,shop
amzn,nvda
amzn,nvda
amzn,tsla
amzn,tsla
amzn,dis
amzn,nvda
amzn,tsla
amzn,tsla
amzn,tsla
amzn,nvda
amzn,nflx
amzn,msft
amzn,aapl
amzn,goog
amzn,nvda
amzn,tsla
amzn,aapl
amzn,msft
amzn,tsla
amzn,fb
amzn,voo
amzn,fb
amzn,msft
amzn,tsla
amzn,spy
amzn,aapl
amzn,tsla
amzn,spy
amzn,spy
amzn,fb
amzn,fb
amzn,nflx
amzn,nflx
amzn,tsla
amzn,tsla
amzn,fb
amzn,fb
amzn,tsla
amzn,spy
amzn,tsla
amzn,nflx
amzn,shop
amzn,msft
amzn,spy
amzn,shop
amzn,aapl
amzn,spy
amzn,aapl
amzn,tsla
amzn,aapl
amzn,msft
amzn,nflx
amzn,aapl
amzn,spy
amzn,spy
amzn,aapl
amzn,aapl
amzn,msft
amzn,msft
amzn,fb
amzn,fb
amzn,spy
amzn,spy
amzn,aapl
amzn,aapl
amzn,msft
amzn,msft
amzn,fb
amzn,fb
amzn,spy
amzn,spy
amzn,tsla
amzn,spy
amzn,tsla
amzn,spy
amzn,aapl
amzn,amc
amzn,spy
amzn,spy
amzn,aapl
amzn,aapl
amzn,msft
amzn,msft
amzn,fb
amzn,fb
amzn,spy
amzn,spy
amzn,aapl
amzn,aapl
amzn,msft
amzn,msft
amzn,fb
amzn,fb
nvda,aapl
nvda,amzn
nvda,tsla
nvda,msft
nvda,tsla
nvda,spy
nvda,tsla
nvda,aapl
nvda,msft
nvda,spy
nvda,tsla
nvda,aapl
nvda,msft
nvda,spy
nvda,amzn
nvda,tsla
nvda,aapl
nvda,msft
nvda,amzn
nvda,tsla
nvda,spy
nvda,tsla
nvda,fb
nvda,amzn
nvda,tsla
nvda,amzn
nvda,tsla
nvda,amzn
nvda,tsla
nvda,aapl
nvda,amzn
nvda,tsla
nvda,msft
nvda,spy
nvda,aapl
nvda,amzn
nvda,fb
nvda,tsla
nvda,spy
nvda,tsla
nvda,amzn
nvda,aapl
nvda,spy
nvda,tsla
nvda,amzn
nvda,aapl
nvda,spy
nvda,tsla
nvda,amzn
nvda,aapl
nvda,spy
nvda,amzn
nvda,amzn
nvda,amzn
nvda,tsla
nvda,fb
nvda,fb
nvda,spy
nvda,aapl
nvda,fb
nvda,tsla
nvda,fb
nvda,amzn
nvda,spy
nvda,tsla
nvda,nflx
nvda,fb
nvda,aapl
nvda,aapl
nvda,spy
nvda,tsla
nvda,spy
nvda,spy
nvda,tsla
nvda,amzn
nvda,spy
nvda,tsla
nvda,gain
nvda,msft
nvda,msft
nvda,tsla
nvda,amzn
nvda,spy
nvda,aapl
nvda,tsla
nvda,tsla
nvda,aapl
nvda,aapl
nvda,amzn
nvda,amzn
nvda,tsla
nvda,tsla
nvda,spy
nvda,dis
nvda,tsla
nvda,amzn
nvda,tsla
nvda,amzn
nvda,msft
nvda,aapl
nvda,amzn
nvda,goog
nvda,tsla
nvda,msft
nvda,tsla
nvda,aapl
nvda,nflx
nvda,dis
nvda,aapl
nvda,msft
nvda,aapl
nvda,spy
nvda,aapl
goog,amzn
goog,aapl
goog,nflx
goog,spy
goog,tsla
goog,msft
goog,amzn
goog,aapl
goog,msft
goog,msft
goog,fb
goog,aapl
goog,amzn
goog,nflx
goog,msft
goog,fb
goog,aapl
goog,amzn
goog,nflx
goog,msft
goog,amzn
goog,fb
goog,amzn
goog,amzn
goog,fb
goog,amzn
goog,tsla
goog,shop
goog,amzn
goog,tsla
goog,shop
goog,msft
goog,aapl
goog,amzn
goog,nvda
goog,tsla
goog,aapl
msft,spy
msft,aapl
msft,fb
msft,tsla
msft,amzn
msft,aapl
msft,amzn
msft,goog
msft,spy
msft,aapl
msft,aapl
msft,amzn
msft,tsla
msft,nvda
msft,spy
msft,tsla
msft,goog
msft,amzn
msft,aapl
msft,aapl
msft,amzn
msft,tsla
msft,goog
msft,goog
msft,spy
msft,tsla
msft,nvda
msft,aapl
msft,spy
msft,tsla
msft,nvda
msft,aapl
msft,fb
msft,aapl
msft,amzn
msft,nflx
msft,goog
msft,fb
msft,aapl
msft,amzn
msft,nflx
msft,goog
msft,tsla
msft,nvda
msft,amzn
msft,tsla
msft,aapl
msft,aapl
msft,aapl
msft,aapl
msft,aapl
msft,aapl
msft,aapl
msft,aapl
msft,aapl
msft,aapl
msft,spy
msft,gme
msft,amc
msft,amzn
msft,aapl
msft,aapl
msft,nvda
msft,spy
msft,spy
msft,aapl
msft,aapl
msft,amzn
msft,amzn
msft,fb
msft,fb
msft,fb
msft,tsla
msft,nflx
msft,tsla
msft,nvda
msft,tsla
msft,tsla
msft,nvda
msft,amzn
msft,aapl
msft,voo
msft,fb
msft,amzn
msft,tsla
msft,tsla
msft,tsla
msft,tsla
msft,spy
msft,tsla
msft,aapl
msft,fb
msft,tsla
msft,aapl
msft,amzn
msft,goog
msft,nvda
msft,tsla
msft,aapl
msft,tsla
msft,amzn
msft,voo
msft,fb
msft,amzn
msft,tsla
msft,tsla
msft,aapl
msft,nvda
msft,nflx
msft,dis
msft,tsla
msft,aapl
msft,tsla
msft,amzn
msft,shop
msft,fb
msft,nvda
msft,aapl
msft,aapl
msft,amzn
msft,spy
msft,spy
msft,aapl
msft,aapl
msft,amzn
msft,amzn
msft,fb
msft,fb
msft,spy
msft,gme
msft,amc
msft,spy
msft,spy
msft,aapl
msft,aapl
msft,amzn
msft,amzn
msft,fb
msft,fb
msft,spy
msft,spy
msft,aapl
msft,aapl
msft,amzn
msft,amzn
msft,fb
msft,fb
msft,spy
msft,spy
msft,aapl
msft,aapl
msft,amzn
msft,amzn
msft,fb
msft,fb
dis,shop
dis,shop
dis,spy
dis,aapl
dis,shop
dis,shop
dis,shop
dis,shop
dis,fb
dis,tsla
dis,fb
dis,tsla
dis,shop
dis,shop
dis,fb
dis,gain
dis,amzn
dis,aapl
dis,tsla
dis,fb
dis,nflx
dis,amzn
dis,fb
dis,nvda
dis,tsla
dis,amzn
dis,msft
dis,tsla
dis,aapl
dis,nvda
dis,nflx
fb,spy
fb,shop
fb,spy
fb,aapl
fb,tsla
fb,amzn
fb,msft
fb,aapl
fb,amzn
fb,gain
fb,amzn
fb,aapl
fb,nflx
fb,tsla
fb,gain
fb,aapl
fb,shop
fb,aapl
fb,amzn
fb,nflx
fb,goog
fb,msft
fb,aapl
fb,amzn
fb,nflx
fb,goog
fb,msft
fb,shop
fb,spy
fb,tsla
fb,nvda
fb,amzn
fb,pton
fb,amzn
fb,goog
fb,spy
fb,tsla
acb,coin
acb,coin
acb,coin
acb,coin
acb,coin
zm,gain
zm,gain
zm,tsla
zm,tsla
zm,aapl
zm,tsla
zm,aapl
zm,bynd
zm,tsla
zm,aapl
zm,bynd
bynd,amc
bynd,gme
bynd,amc
bynd,gme
bynd,amc
bynd,gme
bynd,amc
bynd,gme
bynd,spy
bynd,tsla
bynd,amc
bynd,gme
bynd,amzn
bynd,zm
bynd,fb
bynd,msft
bynd,nvda
bynd,aapl
bynd,nflx
bynd,gme
bynd,amc
bynd,gme
bynd,amc
bynd,gme
bynd,amc
bynd,gme
bynd,amc
bynd,gme
bynd,tsla
bynd,aapl
bynd,zm
bynd,amc
bynd,gme
bynd,amc
bynd,gme
bynd,tsla
bynd,aapl
bynd,zm
pton,tsla
pton,amzn
pton,fb
spy,amc
spy,amc
spy,amc
spy,aapl
spy,aapl
spy,fb
spy,tsla
spy,amzn
spy,msft
spy,amc
spy,amc
spy,gme
spy,gme
spy,tsla
spy,aapl
spy,amc
spy,gme
spy,dis
spy,dis
spy,dis
spy,tsla
spy,aapl
spy,tsla
spy,amzn
spy,zm
spy,nvda
spy,amc
spy,amc
spy,gme
spy,gme
spy,tsla
spy,tsla
spy,aapl
spy,aapl
voo,spy
voo,spy
voo,fb
voo,amzn
voo,msft
voo,tsla
voo,fb
voo,amzn
voo,msft
voo,tsla
gain,coin
gain,coin
gain,coin
gain,coin
gain,zm
gain,fb
gain,shop
